NAME,LATITUDE,LONGITUDE
Lodgic Everyday Community,40.1130673,-88.2434899
25 O'Clock Brewing Company,40.114501,-88.212069
3 Ravens,40.0250149,-88.5728654
A&W All-American Food,40.0704738,-88.2496417
A-Ri-Rang,41.7658434,-88.1375701
Alexander's Steakhouse,40.1359853,-88.2455101
Alto Vineyards,40.1701736,-88.2960119
Amaravati,40.082495,-88.296249
Ambar India,41.7658736,-88.1375705
Analog,40.1135853,-88.2090767
Apple Dumpling,34.411995,-86.393928
Aroma Cafe,40.1171072,-88.2434106
Asian Taste,40.1090791,-88.2502423
Attie's Bar & Grill,40.0862658,-88.1697392
Auntie Anne's,41.814661,-87.7229166
Auntie Lee Chinese Kitchen,41.9549381,-87.9388533
B-Won,40.0923593,-88.245423
Bab Plus Korean,40.1064512,-88.2213197
Baldarotta's Porketta & Sicilian Sausage hosted by Grovestone,40.0977605,-88.2746694
Bangkok Thai,40.123704,-88.201063
Bangkok Thai & Pho 911,40.1102541,-88.2343374
Barrelhouse 34,42.1092978,-88.287624
Basil Thai Café,40.938885,-90.386795
Baskin Robbins/Dunkin Donuts,40.306243,-88.155891
Baxter's American Grille,40.0973878,-88.2461136
Bergie's - The Occasional Place,40.0250077,-88.5728666
Best Wok,40.1377839,-88.2606908
Betsy's Bistro,40.13234,-88.219404
Bevier Café,40.1049419,-88.2243695
Biaggi's Ristorante Italiano,40.0876012,-88.2461761
Big Grove Tavern,40.1122318,-88.2033538
Big JJ Fish & Chicken,25.492174,-80.434413
Biggby Coffee,40.112724,-88.276876
Billy Barooz Pub & Grill,40.0821952,-88.2962496
Billy Bob's BBQ,42.2516656,-89.1005794
Black Dog Smoke & Ale House,40.1149433,-88.207375
Blind Pig Brewery,40.1171401,-88.2434108
Blind Pig Company,42.1081348,-88.0616067
Blue Star Family Restaurant,41.901846,-87.780397
Bo Bo China,40.1103981,-88.2331124
Bo Bo's BBQ,38.087039,-88.1598
Bob Evans,40.1376497,-88.2438171
Bobo's BBQ,40.1125225,-88.2715843
Bombay Indian Grill,40.110181,-88.23338
Boomerang's Bar & Grill,39.801751,-89.6373062
Brass Rail,40.116227,-88.242824
Breaking Taco,38.32213,-89.182038
BrewLab Coffee,40.1107382,-88.2319178
Broadway Food Hall,39.482536,-88.357649
Brothers Bar & Grill,40.1102118,-88.2300807
Brown Bag Deli & Restaurant,41.8833394,-87.6346345
Bud's Bar,40.128829,-87.5998319
Bunny's Tavern,40.1132078,-88.2082966
Burrito King,40.1103981,-88.2331124
Butcher Boy Burgers,40.00032,-89.25037
Buzzard's Fine Dining & Other Things,40.00032,-89.25037
C&C Kitchen,40.3106806,-88.1586749
Cactus Grill,40.0996477,-88.244778
Café Kopi,40.1126741,-88.2064176
Cafe Sababa,40.1089851,-88.2318309
Caffé Paradiso,40.1057621,-88.2194361
Caribbean Grill,40.0875524,-88.2475664
Carmella's Crème,40.1127177,-88.272815
Central Tavern,42.437256,-88.204521
Charlie's Grub & Suds,38.5023539,-89.1432172
Cheese & Crackers,40.0975418,-88.2746621
Chester's BBQ,40.0944676,-88.2451767
Chili's Bar & Grill,40.1390466,-88.2586626
China Express,41.9962821,-87.8229367
China Garden,38.70959,-87.756005
China King,42.4964843,-89.9895516
Chinatown Buffet,41.6649656,-88.440534
Chopstix,40.1102541,-88.2343374
Classic Events Catering,41.4742176,-87.8235855
Clever Moose Market Cafe,40.1130673,-88.2434899
Cocomero,40.1101496,-88.2289947
Cold Stone Creamery,40.1101242,-88.2315244
Collective Pour,40.1186919,-88.2434444
Common Ground Food Co-op,40.00032,-89.25037
Cookies by Design,41.814661,-87.7229166
Cool Bliss Popped Bliss,40.1126849,-88.2420275
Core Life Eatery,40.1470811,-88.2578757
Courier Café,40.1129564,-88.2093752
Cowboy Monkey,40.1174716,-88.2431617
Cracked: The Egg Came First,40.1102132,-88.2300075
Cracker Barrel,40.1325773,-88.1975385
Crane Alley,40.1123099,-88.208129
Cravings,41.7659038,-88.1375712
Cream & Flutter,40.1168349,-88.2421783
Crudo Wine Bar,40.6862027,-89.5938898
D.P. Dough,41.9549881,-87.9390339
Daly's Sports Bar,37.324981,-89.167901
Dancing Dog Eatery & Juicery,40.1126291,-88.2083609
Denny's Restaurant,40.1432232,-88.2547808
Destihl Brew Works,40.1184918,-88.2437783
Dos Reales,40.129754,-88.2580803
Double Dip,40.0796606,-89.4337288
Downtown Monticello,39.8021437,-89.6554018
Dragon Fire,40.1164205,-88.2433829
East End Tavern,41.7530476,-88.3164923
El Oasis,40.00032,-89.25037
El Patio,38.593021,-90.058784
El Rodeo Azteca,41.914953,-88.760433
El Toro,40.312071,-88.1302248
El Toro at the Fields,40.0824472,-88.3086099
El Toro Bravo,40.1129945,-88.2850854
El Toro II,40.1070936,-88.243905
El Toro of St. Joseph,41.5216061,-88.075591
Empire Chinese Restaurant,40.1103465,-88.2332646
Esquire Lounge,40.1126577,-88.2062024
ET's Downtown Rantoul,39.866703,-88.8559084
Everyday Kitchen Restaurant & Bar,40.1130673,-88.2434899
Evo Café,33.575299,-111.887186
Family Table Restaurant,40.3120551,-88.1242541
Farren's Pub & Eatery,40.1184456,-88.2450703
Fat City Bar & Grill,40.1107411,-88.2426419
Fat Sandwich Company,40.1091862,-88.2316942
Fazoli's,40.1398705,-88.2585772
Fernando's,40.116876,-88.243624
FieldHouse 219,41.8830226,-87.6343493
Fiesta Café,40.1147731,-88.2384771
Filippo's Pizza & Italian Food,40.1965507,-88.3655214
Firehaus,40.1096902,-88.230265
Firehouse Subs,40.1349492,-88.251079
First Wok,40.0963227,-88.1908182
Five Guys Burger & Fries,35.7802153,51.3615505
Flying Machine Avionics,40.1151976,-88.2385343
Freeman's Tavern,40.1126883,-88.2078676
Fresh International Market,40.1114493,-88.2435837
Fusilli Tony's Italian Food,42.3582926,-87.8298318
Game On Sports Tavern,38.9710668,-90.4354031
Garbanzo Mediterranean Fresh,40.1093924,-88.2272187
Garcia's Pizza in a Pan,40.1185746,-88.2769902
Giordano's Pizza,40.142697,-88.242566
Golden Harbor,40.1114493,-88.2435837
Golden Kitchen,40.1438149,-87.6363143
Golden Wok,40.116232,-88.2039291
Goldy's Bar & Grill,40.1161626,-88.2769346
Good Fella,40.1056925,-88.2435059
Great Harvest Bread Company,39.794364,-88.159302
Great Steak & Potato,41.814661,-87.7229166
Green Jade,40.0832018,-88.2642054
Green Street Café,25.492174,-80.434413
Greenhouse Cafe,39.9997253,-88.6579924
Grovestone,40.0977605,-88.2746694
Guido's Bar & Grill,40.1242759,-87.6305457
Hamilton Walker's,40.11758,-88.243638
Hammerhead Coffee,25.492174,-80.434413
Hen House Family Restaurant,33.619894,-85.648818
Hendrick House,40.11022,-88.2583685
Hickory River Smokehouse,40.3143926,-89.1762401
Home of Gourmet Chinese & Thai,40.1080534,-88.2301372
Hooters,40.0954301,-88.2462544
Hopscotch Bakery + Market,40.109107,-88.2560485
Hot Wok Express,40.116488,-88.222541
Houlihan's,40.0943211,-88.2384427
Howdy Burger,40.1102146,-88.2299343
Huaraches Moroleon,40.1067191,-88.1957771
Huber's,40.1185118,-88.2684968
HuHot Mongolian Grill,40.1465972,-88.2582888
Hybrid Fit Food,40.1163972,-88.2038836
I Café,40.0937411,-88.2373136
I Wok,40.0589817,-88.2529739
Ice Daddy's,39.969539,-91.380467
Industrial Donut,41.966974,-88.727589
Insomnia Cookies,40.8919901,-88.62281
Intermezzo Café at Krannert,40.1080112,-88.222528
Itsa Pizza,38.5964994,-89.9097907
J & J's Homestead,41.7714523,-88.149511
J. Gumbo's Cajun and Creole Cooking Co.,40.1064512,-88.2213197
Jack's Tavern,39.1329153,-88.4730157
Jarling's Custard Cup,40.0980044,-88.2468826
Jenkins Catering,40.1164205,-88.2433829
Jerusalem Restaurant,40.111385,-88.229002
Joe's Brewery,40.1101036,-88.2319433
JT Walker's Brewery,41.9143579,-88.3095104
JT Walker's Restaurant,25.492174,-80.434413
Juanito's Tacos,40.1337676,-88.2387896
Judy's Sweets,39.4089342,-88.7973056
Jupiter's At The Crossing,40.0819148,-88.2967223
Jupiter's Pizzeria and Billiards,40.1178875,-88.2414231
Jurassic Grill,40.1103981,-88.2331124
K-Bowl,40.1101173,-88.2411694
Kato's Cajun,41.814661,-87.7229166
Ko Fusion,40.1093924,-88.2272187
Kohinoor Indian Restaurant & Lounge,40.1211875,-88.2432218
Kona Ice,39.969539,-91.380467
Koto Ramen,40.1104504,-88.231656
Krispy Krunchy Chicken,40.1272574,-88.2536173
Kung Fu BBQ,40.1091508,-88.2317231
Kusu Kusu Asian Grill,41.7441109,-88.3074408
Kyoto Sushi,40.1102113,-88.2301051
La Bamba Mexican Restaurant,40.1195641,-88.2778037
La Cascada Mexican Grill,41.7872088,-88.1365352
La Luna Café,41.8663211,-88.1067477
La Mixteca,40.1165477,-88.2047815
Lai Lai Wok,42.395117,-87.993482
Latea Lounge,40.1113787,-88.230584
Latte Da!,40.10677,-88.2281835
Le Peep,38.957,-88.74958
Legends Bar & Grill,40.1103677,-88.2315951
Lenny's Ice Cream Gallery,41.7714505,-88.1495111
Lil Porgy's BBQ,40.112573,-88.2800287
Lincoln Street Lounge,37.8027366,-89.0873966
Little Caesar's,40.1035048,-88.2766816
Long John Silver's,40.1290741,-88.2583097
Longbranch Steakhouse,39.8441584,-88.955813
Longhorn Steakhouse,40.1413492,-88.2585631
Longview Tavern,39.7372579,-87.6050226
Los Toros Numero 2,40.0101707,-88.5759391
Los Zarapes,40.1967693,-88.3961211
Lucky Moon Pies and More,42.35373,-87.831828
Mahomet Family Restaurant,40.1864948,-88.3798032
Main Street Belly Deli,41.7738197,-88.1493972
Main Street Pub,41.5445118,-87.6144485
Maize at the Station,40.0536519,-89.1853664
Maize Mexican Grill,40.1104203,-88.2389625
Mandarin Wok,40.1101812,-88.2333562
Mango Mango,40.142697,-88.242566
Manolo's Pizza & Empanadas,40.1069133,-88.2219766
Manzella's Italian Patio,40.1158474,-88.2389717
Marble Slab Creamery,40.0703891,-88.2515366
Mas Amigos,41.5228589,-88.1373694
Masijta Grill,40.1138425,-88.2087186
McAlister's Deli,40.1413435,-88.2501235
McDonald's,40.1136389,-88.2425891
Meatheads Burgers & Fries,40.1014261,-88.2445119
Merry Ann's Diner,40.0983917,-88.244247
Mia Za's,25.492174,-80.434413
Mid-Summer Lounge,40.1102146,-88.2299343
Miga,40.1184918,-88.2437783
Ming Garden,40.1024328,-88.2767662
Moe's Southwest Grill,40.0901812,-88.2464817
Moki Sushi,40.0924854,-88.2456193
Monarch Brewing Company,38.519519,-88.0031523
Monical's Pizza,41.1230793,-87.8740439
Monticello Red Wheel,40.0542142,-88.5612799
Murphy's Pub,40.1104224,-88.2300402
My Thai,41.536262,-90.435518
Nando Milano Trattoria,40.1176084,-88.2434254
Naya,40.1103163,-88.2367212
Neil St. Blues,40.1184918,-88.2437783
Niro's Gyros,40.1125515,-88.2804357
Noodles & Co.,40.1104224,-88.2307897
North Forty,38.5158772,-90.2110987
O'Charley's,40.1432087,-88.2560367
Oberweis Dairy,40.0929452,-88.2460874
"Oh, Honey Pie Truck",40.116876,-88.243624
Oishi,40.145279,-87.69682
Old Chicago Pizza,40.139188,-88.244067
Olive Garden,40.1358739,-88.2411692
Original Pancake House,40.1127818,-88.2784189
Ott's Drive-In,40.314431,-88.155743
Outback Steakhouse,40.1449448,-88.2572441
Ozu Ramen,40.1113787,-88.230584
Padano's Pizza Co.,25.492174,-80.434413
Pandamonium Doughnuts,42.3251269,-89.0458796
Papa Del's,40.103329,-88.243795
Pauly's BBQ,41.53644,-88.0736846
Pekara Bakery & Bistro,40.1170743,-88.2434103
Peking Garden,40.1180507,-88.2448957
Peking House,39.5473596,-89.2849856
Penn Station,40.1432418,-88.2591942
Perkin's Restaurant & Bakery,40.116419,-88.26647
Philo Tavern,39.8021437,-89.6554018
Pho Cafe,40.1102113,-88.2301051
Pia's Sports Bar & Grill,40.1127168,-88.2727333
Pies by Inge,41.8833394,-87.6346345
Pipa's Pub,40.1102153,-88.2827265
Pizza Roma,42.2661579,-88.0042549
Pizzeria Antica,40.1166868,-88.24282
Po Boy's,40.1177173,-88.2058577
Po' Boys Restaurant,40.1177173,-88.2058577
Popeye's Louisiana Kitchen,40.1331401,-88.2599658
Potbelly's,40.1100816,-88.2318659
Pour Bros. Craft Taproom,41.1536567,-87.8753492
Project 47 Smokehouse,42.2998834,-89.0426659
Quality Bar,40.1169757,-88.2434097
Quenchers Smoothies & Ice Cream,41.814661,-87.7229166
R & I Restaurant,40.1122201,-88.2050873
Rainbow Garden,40.1006313,-88.2439226
Rantoul Public House,40.3108698,-88.1572696
Red Bicycle Ice Cream,40.0830505,-88.1903755
Red Lobster,40.1384377,-88.2586612
Red Robin Gourmet Burgers,40.1402896,-88.2458186
Red Wheel Restaurant,40.3070831,-88.1733073
Rich's Family Restaurant,37.3662291,-89.0195976
Riggs Beer Company,40.0936729,-88.1624519
Roch's,42.260301,-88.142025
Rosati's Authentic Chicago Pizza,40.1068667,-88.2217175
Roselen's Coffees and Delights,39.710308,-88.4604423
Sakanaya,40.1101552,-88.2330881
Salad Meister,42.261401,-89.082406
Sam's Café,40.1127215,-88.2064173
Sammer's Bar & Grill,40.00032,-89.25037
Sammy's Pancake House,40.1286157,-88.2766301
San Maru,40.08245,-88.2962491
Sarku Japan,40.1340649,-88.2436534
Scotty's Brewhouse,40.0922873,-88.246241
Scratch,41.5216082,-88.0755114
Seoul Taco,42.2613529,-89.082184
Seven Saints,40.1165582,-88.2419945
Shooters Bar & Grill,40.4651336,-89.0027961
Siam Terrace,40.1125742,-88.2095509
Sidney Dairy Barn,39.930909,-89.0668983
Sidney Saloon,40.0239351,-88.0731965
Silvercreek Restaurant,40.115148,-88.208902
SIPYARD,40.1127047,-88.209159
Sitara Indian Restaurant & Lounge,40.1119449,-88.2086683
Slim Chickens,40.0905632,-88.2464432
Smackin' The Truck,40.1164205,-88.2433829
Smoked Food Truck,39.969539,-91.380467
Smoky's House BBQ,40.458377,-90.670256
Smoothie King,40.1111638,-88.281852
South China Restaurant,41.5228655,-88.1375883
Spoon House Korean Kitchen,40.1104271,-88.2294153
Stagecoach at Gordyville,40.00032,-89.25037
Steeple Gallery,41.523054,-88.08437
Sticky Rice,40.1198394,-88.2437618
Sun Singer Wine & Spirits,40.0832094,-88.2644318
Sunny China Buffet,40.092884,-88.190658
Super Taco,40.1425368,-88.2571235
Super WOK,40.0972455,-88.2752514
Sushi Ichiban,41.7656623,-88.1375721
Sushi Kame,25.492174,-80.434413
Sushi Rock,40.1102137,-88.2299831
Sweet Indulgence,40.0832148,-88.264687
Szechuan China,40.112815,-88.238824
T.G.I. Friday's,40.1378449,-88.2453911
Taco Motorizado,40.1179311,-88.2042263
Tang Dynasty,42.0048193,-87.9940473
Taste of Thai,40.3105182,-88.1584504
"Tasty Fish, Chicken & Grill",40.1340649,-88.2436534
TCBY,40.0972455,-88.2750033
Texas Roadhouse,40.117954,-88.2811039
Thara Thai,40.6615768,-89.5538653
That Burger Joint,40.0929452,-88.2460874
The Bread Company,40.1068135,-88.223744
The Clark Bar,40.1152379,-88.2454011
The Coffee House of Mahomet,40.1957377,-88.3979442
The Himalayan Chimney,37.7371131,-88.5424299
The Hub Champaign,40.8098072,-96.7202743
The Pink Pig,39.448414,-88.6450433
The Pop Stop,41.382593,-89.219146
The Red Herring Vegetarian Restaurant,40.1067707,-88.2252161
The Ribeye,40.0961586,-88.245412
The Second Cup,40.306842,-88.155897
The Snack Shack,39.969539,-91.380467
The Tastee Cup,42.0331425,-88.2914947
The Vault,41.7509049,-88.2962395
The Wheelhouse,42.0339632,-87.6721095
Tienda Guatemala,40.1151683,-88.209118
Timpone's,40.1067818,-88.223744
Tin Roof Tavern,40.3143926,-89.1762401
TK's Cheesesteak,40.3093061,-88.1585978
Toro Loco,40.11065,-88.19725
Tortica's,40.110428,-88.2325805
Traxside Bar & Grill,39.9863273,-88.2607591
Triptych Brewing,40.0768564,-88.2492759
Tumble Inn,40.0944676,-88.2451767
Urbana Family Garden,40.1324865,-88.2192426
Villa Italian Kitchen,40.14117,-88.2430531
Villa Pizza,40.1340649,-88.2436534
Vinny's Pizza,40.1105116,-88.2399968
Watson's Shack & Rail,40.00032,-89.25037
Wendy's,40.1403265,-88.2584512
Wienerschnitzel/Tastee Freez,41.536262,-90.435518
Wild Hare Bar and Grill,40.1157161,-88.235531
Windy City Express,40.115251,-88.2089069
Wine on Vine,40.1123512,-88.2050845
Wingin' Out,40.1099576,-88.2351344
Wingstop,40.1120758,-88.2433789
Wok,38.710364,-87.755934
Wood N' Hog Barbecue,41.2928127,-88.2725083
Xinh Xinh Café,38.604306,-89.292398
Y Eatery,40.106721,-88.228936
Yoder's Kitchen,39.709607,-88.458551
Yoyo's Frozen Yogurt,42.2998834,-89.0426659
Zorba's,25.492174,-80.434413
